Workbook
Name Slicer_Department_Referral: #N/A
Name Slicer_Month: #N/A
Name Slicer_Year: #N/A

Sheet Raw_Data
A1: Patient Id | B1: Patient Admission Date | C1: Patient First Inital | D1: Patient Last Name | E1: Patient Gender | F1: Patient Age | G1: Patient Race | H1: Department Referral | I1: Patient Admission Flag | J1: Patient Satisfaction Score | K1: Patient Waittime
A2: 516-79-5879 | B2: 45017.004 | C2: X | D2: Middleditch | E2: Female | F2: 58 | G2: White | H2: None | I2: TRUE | J2: 1 | K2: 18
A3: 255-78-2350 | B3: 45017.088 | C3: B | D3: Schubuser | E3: M | F3: 22 | G3: Declined to Identify | H3: None | I3: FALSE | K3: 10
A4: 785-87-9129 | B4: 45017.09 | C4: V | D4: Kershaw | E4: M | F4: 56 | G4: African American | H4: None | I4: FALSE | K4: 57
A5: 896-54-2877 | B5: 45017.165 | C5: L | D5: Ellerby | E5: Female | F5: 60 | G5: Declined to Identify | H5: Orthopedics | I5: FALSE | K5: 31
A6: 429-27-5915 | B6: 45017.257 | C6: C | D6: Ravenscroft | E6: F | F6: 40 | G6: White | H6: General Practice | I6: FALSE | J6: 6 | K6: 18
A7: 934-86-5957 | B7: 45017.297 | C7: V | D7: Kershaw | E7: F | F7: 58 | G7: White | H7: General Practice | I7: TRUE | J7: 0 | K7: 27
A8: 855-20-3905 | B8: 45017.331 | C8: F | D8: Garfield | E8: M | F8: 14 | G8: Two or More Races | H8: None | I8: TRUE | J8: 9 | K8: 31
A9: 204-20-3676 | B9: 45017.338 | C9: M | D9: Stanlack | E9: M | F9: 55 | G9: White | H9: None | I9: FALSE | J9: 7 | K9: 44
A10: 716-23-4315 | B10: 45017.374 | C10: L | D10: Jessop | E10: Male | F10: 43 | G10: White | H10: General Practice | I10: FALSE | J10: 6 | K10: 53
A11: 947-59-1554 | B11: 45017.501 | C11: Q | D11: Cholmondeley | E11: F | F11: 67 | G11: Native American/Alaska Native | H11: None | I11: TRUE | J11: 2 | K11: 16
A12: 466-34-9495 | B12: 45017.617 | C12: M | D12: Upperton | E12: Female | F12: 20 | G12: White | H12: None | I12: FALSE | K12: 30
A13: 706-60-4656 | B13: 45017.778 | C13: R | D13: Aldridge | E13: M | F13: 11 | G13: Asian | H13: None | I13: FALSE | K13: 40
A14: 125-98-3065 | B14: 45017.799 | C14: O | D14: Stanlack | E14: M | F14: 45 | G14: Native American/Alaska Native | H14: None | I14: FALSE | J14: 3 | K14: 37
A15: 661-47-3607 | B15: 45018.037 | C15: J | D15: Honeysett | E15: F | F15: 79 | G15: White | H15: None | I15: FALSE | K15: 37
A16: 642-11-2783 | B16: 45018.098 | C16: R | D16: Oakden | E16: Male | F16: 63 | G16: Pacific Islander | H16: None | I16: TRUE | J16: 3 | K16: 38
A17: 717-73-3147 | B17: 45018.101 | C17: B | D17: Loxley | E17: F | F17: 28 | G17: White | H17: None | I17: FALSE | K17: 34
A18: 777-17-5837 | B18: 45018.119 | C18: R | D18: Ollerton | E18: Male | F18: 32 | G18: Declined to Identify | H18: Orthopedics | I18: TRUE | J18: 1 | K18: 51
A19: 631-76-7508 | B19: 45018.142 | C19: B | D19: Gwillim | E19: M | F19: 36 | G19: Declined to Identify | H19: Gastroenterology | I19: TRUE | K19: 55
A20: 638-31-9790 | B20: 45018.172 | C20: Y | D20: Stanlack | E20: F | F20: 20 | G20: White | H20: None | I20: TRUE | K20: 31
A21: 344-73-8765 | B21: 45018.24 | C21: R | D21: Kershaw | E21: M | F21: 31 | G21: Two or More Races | H21: None | I21: TRUE | K21: 59
A22: 971-62-4725 | B22: 45018.268 | C22: H | D22: Crebo | E22: Male | F22: 20 | G22: White | H22: None | I22: TRUE | K22: 57
A23: 292-62-5172 | B23: 45018.324 | C23: Z | D23: Jessop | E23: M | F23: 13 | G23: African American | H23: None | I23: FALSE | K23: 21
A24: 340-98-8339 | B24: 45018.419 | C24: U | D24: Buff | E24: Female | F24: 56 | G24: Two or More Races | H24: General Practice | I24: FALSE | K24: 57
A25: 774-10-5039 | B25: 45018.433 | C25: U | D25: Tunstall | E25: Male | F25: 56 | G25: Declined to Identify | H25: None | I25: FALSE | K25: 32
A26: 289-39-3879 | B26: 45018.538 | C26: A | D26: Dewhirst | E26: F | F26: 50 | G26: Two or More Races | H26: None | I26: TRUE | J26: 10 | K26: 48
A27: 120-52-2786 | B27: 45018.578 | C27: A | D27: Brixey | E27: Female | F27: 44 | G27: White | H27: General Practice | I27: FALSE | K27: 20
A28: 177-63-9844 | B28: 45018.589 | C28: N | D28: Stanlack | E28: F | F28: 50 | G28: Unknown | H28: None | I28: TRUE | K28: 10
A29: 858-87-7114 | B29: 45018.881 | C29: P | D29: Oakden | E29: F | F29: 9 | G29: Asian | H29: None | I29: TRUE | J29: 4 | K29: 44
A30: 358-25-7655 | B30: 45018.929 | C30: A | D30: Corpes | E30: Male | F30: 20 | G30: Native American/Alaska Native | H30: None | I30: TRUE | K30: 57
A31: 457-29-4012 | B31: 45018.944 | C31: P | D31: Carraway | E31: M | F31: 79 | G31: African American | H31: None | I31: TRUE | K31: 26
A32: 284-67-8189 | B32: 45018.957 | C32: F | D32: Hathaway | E32: Male | F32: 21 | G32: White | H32: None | I32: FALSE | K32: 43
A33: 584-77-9159 | B33: 45018.979 | C33: D | D33: Corpes | E33: F | F33: 12 | G33: White | H33: None | I33: FALSE | K33: 52
A34: 980-10-7575 | B34: 45019.003 | C34: J | D34: Greenhalgh | E34: M | F34: 4 | G34: Asian | H34: Orthopedics | I34: FALSE | J34: 3 | K34: 51
A35: 434-99-7159 | B35: 45019.021 | C35: L | D35: Ollerton | E35: Female | F35: 18 | G35: Declined to Identify | H35: None | I35: FALSE | J35: 5 | K35: 41
A36: 522-74-8477 | B36: 45019.022 | C36: J | D36: Garfield | E36: Male | F36: 49 | G36: Unknown | H36: None | I36: TRUE | K36: 44
A37: 872-84-7136 | B37: 45019.045 | C37: U | D37: Greenhalgh | E37: Female | F37: 67 | G37: African American | H37: Orthopedics | I37: TRUE | K37: 16
A38: 871-43-5513 | B38: 45019.065 | C38: G | D38: Loxley | E38: Female | F38: 71 | G38: Asian | H38: None | I38: TRUE | K38: 40
A39: 458-92-6638 | B39: 45019.321 | C39: S | D39: Upperton | E39: M | F39: 28 | G39: White | H39: None | I39: FALSE | K39: 24
A40: 244-79-2094 | B40: 45019.323 | C40: Q | D40: Silverlock | E40: Female | F40: 63 | G40: Asian | H40: General Practice | I40: TRUE | J40: 5 | K40: 35
A41: 945-35-9595 | B41: 45019.401 | C41: O | D41: Bannister | E41: Male | F41: 50 | G41: White | H41: General Practice | I41: TRUE | K41: 33
A42: 396-39-8289 | B42: 45019.433 | C42: D | D42: Aldridge | E42: M | F42: 51 | G42: Pacific Islander | H42: General Practice | I42: FALSE | K42: 18
A43: 955-61-3988 | B43: 45019.554 | C43: L | D43: Underhill | E43: Female | F43: 76 | G43: African American | H43: Orthopedics | I43: TRUE | K43: 12
A44: 945-62-4597 | B44: 45019.557 | C44: I | D44: Cholmondeley | E44: Female | F44: 44 | G44: White | H44: Cardiology | I44: FALSE | K44: 44
A45: 143-73-4594 | B45: 45019.692 | C45: U | D45: Northcote | E45: F | F45: 60 | G45: Asian | H45: None | I45: FALSE | K45: 31
A46: 821-59-7468 | B46: 45019.724 | C46: K | D46: Glasspool | E46: Male | F46: 73 | G46: White | H46: Orthopedics | I46: TRUE | K46: 33
A47: 440-14-4153 | B47: 45019.745 | C47: S | D47: Corpes | E47: F | F47: 61 | G47: White | H47: Orthopedics | I47: FALSE | K47: 12
A48: 825-47-8054 | B48: 45019.785 | C48: Q | D48: Wadsworth | E48: Male | F48: 57 | G48: Unknown | H48: None | I48: TRUE | K48: 43
A49: 524-71-2006 | B49: 45019.786 | C49: G | D49: Oakden | E49: F | F49: 33 | G49: Unknown | H49: None | I49: TRUE | J49: 7 | K49: 20
A50: 820-76-4338 | B50: 45019.901 | C50: W | D50: Middleditch | E50: F | F50: 18 | G50: Asian | H50: None | I50: FALSE | K50: 13
A51: 496-76-2897 | B51: 45019.992 | C51: J | D51: Buff | E51: F | F51: 77 | G51: Unknown | H51: None | I51: FALSE | J51: 10 | K51: 57
A52: 958-63-4957 | B52: 45020.027 | C52: N | D52: Gionettitti | E52: M | F52: 20 | G52: Pacific Islander | H52: Orthopedics | I52: FALSE | K52: 30
A53: 427-46-7961 | B53: 45020.374 | C53: D | D53: Lockwood | E53: M | F53: 40 | G53: Two or More Races | H53: None | I53: FALSE | K53: 16
A54: 281-50-1950 | B54: 45020.432 | C54: O | D54: Underhill | E54: M | F54: 22 | G54: Asian | H54: None | I54: FALSE | K54: 18
A55: 790-73-8511 | B55: 45020.445 | C55: B | D55: Verity | E55: F | F55: 16 | G55: Asian | H55: None | I55: TRUE | K55: 20
A56: 646-96-5620 | B56: 45020.456 | C56: J | D56: Merriweather | E56: F | F56: 47 | G56: White | H56: None | I56: TRUE | K56: 31
A57: 232-42-7258 | B57: 45020.504 | C57: K | D57: Corpes | E57: Female | F57: 33 | G57: Two or More Races | H57: None | I57: FALSE | K57: 30
A58: 158-88-4216 | B58: 45020.577 | C58: S | D58: Oakden | E58: NC | F58: 11 | G58: White | H58: General Practice | I58: TRUE | K58: 19
A59: 475-61-2359 | B59: 45020.656 | C59: H | D59: Kingsley | E59: M | F59: 16 | G59: White | H59: None | I59: TRUE | K59: 59
A60: 875-92-4174 | B60: 45020.685 | C60: C | D60: Nethercott | E60: Male | F60: 34 | G60: Native American/Alaska Native | H60: None | I60: TRUE | K60: 33
A61: 645-67-6181 | B61: 45020.756 | C61: M | D61: Jephson | E61: Male | F61: 74 | G61: Pacific Islander | H61: Renal | I61: TRUE | K61: 14
A62: 300-44-2833 | B62: 45020.78 | C62: Z | D62: Jessop | E62: Female | F62: 56 | G62: Asian | H62: Physiotherapy | I62: FALSE | J62: 1 | K62: 28
A63: 406-37-1999 | B63: 45020.787 | C63: Z | D63: Fairbairn | E63: Female | F63: 28 | G63: Declined to Identify | H63: None | I63: TRUE | K63: 54
A64: 544-99-6345 | B64: 45020.79 | C64: Y | D64: Buff | E64: Female | F64: 60 | G64: African American | H64: General Practice | I64: TRUE | K64: 24
A65: 621-40-7683 | B65: 45020.849 | C65: V | D65: Thornbury | E65: F | F65: 25 | G65: Two or More Races | H65: None | I65: TRUE | K65: 34
A66: 718-33-4490 | B66: 45020.85 | C66: M | D66: Verity | E66: F | F66: 54 | G66: Unknown | H66: None | I66: TRUE | K66: 14
A67: 786-86-1745 | B67: 45020.903 | C67: I | D67: Bracegirdle | E67: F | F67: 39 | G67: Unknown | H67: General Practice | I67: TRUE | K67: 12
A68: 742-56-6250 | B68: 45020.954 | C68: S | D68: Methuen | E68: Male | F68: 14 | G68: Asian | H68: None | I68: TRUE | K68: 29
A69: 963-45-2154 | B69: 45020.983 | C69: B | D69: Crebo | E69: M | F69: 30 | G69: Declined to Identify | H69: None | I69: FALSE | J69: 10 | K69: 41
A70: 331-45-1298 | B70: 45021.034 | C70: O | D70: Rowntree | E70: F | F70: 54 | G70: Asian | H70: None | I70: TRUE | K70: 56
A71: 955-56-8623 | B71: 45021.06 | C71: Z | D71: Ravenscroft | E71: Female | F71: 25 | G71: Declined to Identify | H71: None | I71: TRUE | K71: 27
A72: 264-95-8950 | B72: 45021.089 | C72: D | D72: Brixey | E72: F | F72: 29 | G72: Declined to Identify | H72: None | I72: TRUE | K72: 23
A73: 774-15-2366 | B73: 45021.144 | C73: D | D73: Wadsworth | E73: F | F73: 53 | G73: White | H73: Orthopedics | I73: FALSE | K73: 20
A74: 378-91-9658 | B74: 45021.198 | C74: A | D74: Gwillim | E74: M | F74: 2 | G74: Unknown | H74: None | I74: TRUE | K74: 53
A75: 801-96-4894 | B75: 45021.228 | C75: K | D75: Postlethwaite | E75: F | F75: 7 | G75: Unknown | H75: None | I75: TRUE | J75: 7 | K75: 51
A76: 568-40-4495 | B76: 45021.276 | C76: M | D76: Middleditch | E76: Male | F76: 45 | G76: African American | H76: Orthopedics | I76: TRUE | K76: 22
A77: 932-81-8346 | B77: 45021.324 | C77: G | D77: Kershaw | E77: F | F77: 7 | G77: African American | H77: Orthopedics | I77: TRUE | J77: 6 | K77: 25
A78: 116-39-9532 | B78: 45021.407 | C78: S | D78: Titcombe | E78: M | F78: 13 | G78: Two or More Races | H78: None | I78: TRUE | K78: 24
A79: 607-71-7143 | B79: 45021.463 | C79: X | D79: Yarborough | E79: F | F79: 74 | G79: Asian | H79: Orthopedics | I79: TRUE | K79: 39
A80: 524-50-5608 | B80: 45021.579 | C80: F | D80: Upperton | E80: Female | F80: 53 | G80: Native American/Alaska Native | H80: None | I80: FALSE | K80: 41
A81: 553-33-9316 | B81: 45021.597 | C81: C | D81: Hathaway | E81: Female | F81: 34 | G81: White | H81: None | I81: FALSE | K81: 54
A82: 878-41-3466 | B82: 45021.644 | C82: N | D82: Titcombe | E82: M | F82: 45 | G82: Asian | H82: General Practice | I82: TRUE | K82: 58
A83: 979-73-5191 | B83: 45021.644 | C83: O | D83: Schubuser | E83: M | F83: 50 | G83: African American | H83: Renal | I83: FALSE | K83: 10
A84: 360-48-4445 | B84: 45021.661 | C84: I | D84: Stanlack | E84: Female | F84: 48 | G84: Unknown | H84: None | I84: FALSE | K84: 49
A85: 216-66-6187 | B85: 45021.672 | C85: N | D85: Buff | E85: F | F85: 38 | G85: Declined to Identify | H85: None | I85: FALSE | K85: 42
A86: 861-63-1063 | B86: 45021.832 | C86: T | D86: Lockwood | E86: F | F86: 55 | G86: White | H86: None | I86: FALSE | K86: 12
A87: 850-92-5757 | B87: 45021.899 | C87: J | D87: Quickfall | E87: Female | F87: 40 | G87: Two or More Races | H87: None | I87: TRUE | J87: 1 | K87: 52
A88: 128-73-4821 | B88: 45021.96 | C88: F | D88: Goudie | E88: F | F88: 57 | G88: White | H88: None | I88: FALSE | K88: 50
A89: 375-13-7541 | B89: 45021.994 | C89: A | D89: Lockwood | E89: M | F89: 60 | G89: African American | H89: General Practice | I89: TRUE | K89: 50
A90: 582-99-1871 | B90: 45022.028 | C90: R | D90: Ashcombe | E90: M | F90: 27 | G90: White | H90: Physiotherapy | I90: TRUE | K90: 27
A91: 180-86-1854 | B91: 45022.043 | C91: X | D91: Brixey | E91: Female | F91: 17 | G91: Two or More Races | H91: General Practice | I91: FALSE | K91: 41
A92: 853-40-9692 | B92: 45022.085 | C92: U | D92: Ravenscroft | E92: M | F92: 21 | G92: White | H92: None | I92: TRUE | K92: 49
A93: 905-94-5518 | B93: 45022.127 | C93: A | D93: Kingsley | E93: F | F93: 58 | G93: African American | H93: General Practice | I93: FALSE | K93: 35
A94: 697-59-1820 | B94: 45022.187 | C94: A | D94: Dewhirst | E94: F | F94: 20 | G94: White | H94: None | I94: TRUE | K94: 43
A95: 823-87-4425 | B95: 45022.196 | C95: G | D95: Loxley | E95: M | F95: 36 | G95: Asian | H95: None | I95: FALSE | K95: 46
A96: 706-64-3166 | B96: 45022.274 | C96: Z | D96: Titcombe | E96: Male | F96: 69 | G96: Unknown | H96: None | I96: TRUE | K96: 27
A97: 891-71-9601 | B97: 45022.309 | C97: L | D97: Ollerton | E97: F | F97: 26 | G97: Declined to Identify | H97: None | I97: TRUE | J97: 9 | K97: 17
A98: 316-21-8023 | B98: 45022.319 | C98: J | D98: Kershaw | E98: F | F98: 6 | G98: Asian | H98: None | I98: TRUE | K98: 39
A99: 296-78-9911 | B99: 45022.502 | C99: U | D99: Kingsley | E99: Female | F99: 35 | G99: Unknown | H99: General Practice | I99: FALSE | K99: 34
A100: 325-60-1897 | B100: 45022.597 | C100: G | D100: Yarborough | E100: Female | F100: 18 | G100: Pacific Islander | H100: None | I100: TRUE | K100: 37
...

Sheet Cleaning
A1: Patient Id | B1: Admission Date | C1: Admission Hour | D1: Month | E1: Year | F1: Month-Year | G1: Patient Full Name | H1: Gender (Clean) | I1: Age | J1: Age Group | K1: Race | L1: Department Referral | M1: Admission Status | N1: Satisfaction Score | O1: Wait Time (min) | P1: Patient Attend Status
A2: =Raw_Data!A2 -> 516-79-5879 | B2: =Raw_Data!B2 -> 45017.004 | C2: =HOUR(Raw_Data!B2) -> 0 | D2: =TEXT(Raw_Data!B2,"mmm") -> Apr | E2: =YEAR(Raw_Data!B2) -> 2023 | F2: =TEXT(Raw_Data!B2,"mmm-yy") -> Apr-23 | G2: =PROPER(Raw_Data!C2&". "&Raw_Data!D2) -> X. Middleditch | H2: =IF(OR(Raw_Data!E2="M",Raw_Data!E2="Male"),"Male",IF(OR(Raw_Data!E2="F",Raw_Data!E2="Female"),"Female","Not Confirmed")) -> Female | I2: =Raw_Data!F2 -> 58 | J2: =FLOOR(Raw_Data!F2,10)&"-"&FLOOR(Raw_Data!F2,10)+9 -> 50-59 | K2: =Raw_Data!G2 -> White | L2: =Raw_Data!H2 -> None | M2: =IF(Raw_Data!I2=TRUE,"Admitted","Not Admitted") -> Admitted | N2: =IF(Raw_Data!J2="","Not Rated",Raw_Data!J2) -> 1 | O2: =Raw_Data!K2 -> 18 | P2: =IF(Raw_Data!K2<=30,"Within Time","Delayed") -> Within Time
A3: =Raw_Data!A3 -> 255-78-2350 | B3: =Raw_Data!B3 -> 45017.088 | C3: =HOUR(Raw_Data!B3) -> 2 | D3: =TEXT(Raw_Data!B3,"mmm") -> Apr | E3: =YEAR(Raw_Data!B3) -> 2023 | F3: =TEXT(Raw_Data!B3,"mmm-yy") -> Apr-23 | G3: =PROPER(Raw_Data!C3&". "&Raw_Data!D3) -> B. Schubuser | H3: =IF(OR(Raw_Data!E3="M",Raw_Data!E3="Male"),"Male",IF(OR(Raw_Data!E3="F",Raw_Data!E3="Female"),"Female","Not Confirmed")) -> Male | I3: =Raw_Data!F3 -> 22 | J3: =FLOOR(Raw_Data!F3,10)&"-"&FLOOR(Raw_Data!F3,10)+9 -> 20-29 | K3: =Raw_Data!G3 -> Declined to Identify | L3: =Raw_Data!H3 -> None | M3: =IF(Raw_Data!I3=TRUE,"Admitted","Not Admitted") -> Not Admitted | N3: =IF(Raw_Data!J3="","Not Rated",Raw_Data!J3) -> Not Rated | O3: =Raw_Data!K3 -> 10 | P3: =IF(Raw_Data!K3<=30,"Within Time","Delayed") -> Within Time
A4: =Raw_Data!A4 -> 785-87-9129 | B4: =Raw_Data!B4 -> 45017.09 | C4: =HOUR(Raw_Data!B4) -> 2 | D4: =TEXT(Raw_Data!B4,"mmm") -> Apr | E4: =YEAR(Raw_Data!B4) -> 2023 | F4: =TEXT(Raw_Data!B4,"mmm-yy") -> Apr-23 | G4: =PROPER(Raw_Data!C4&". "&Raw_Data!D4) -> V. Kershaw | H4: =IF(OR(Raw_Data!E4="M",Raw_Data!E4="Male"),"Male",IF(OR(Raw_Data!E4="F",Raw_Data!E4="Female"),"Female","Not Confirmed")) -> Male | I4: =Raw_Data!F4 -> 56 | J4: =FLOOR(Raw_Data!F4,10)&"-"&FLOOR(Raw_Data!F4,10)+9 -> 50-59 | K4: =Raw_Data!G4 -> African American | L4: =Raw_Data!H4 -> None | M4: =IF(Raw_Data!I4=TRUE,"Admitted","Not Admitted") -> Not Admitted | N4: =IF(Raw_Data!J4="","Not Rated",Raw_Data!J4) -> Not Rated | O4: =Raw_Data!K4 -> 57 | P4: =IF(Raw_Data!K4<=30,"Within Time","Delayed") -> Delayed
A5: =Raw_Data!A5 -> 896-54-2877 | B5: =Raw_Data!B5 -> 45017.165 | C5: =HOUR(Raw_Data!B5) -> 3 | D5: =TEXT(Raw_Data!B5,"mmm") -> Apr | E5: =YEAR(Raw_Data!B5) -> 2023 | F5: =TEXT(Raw_Data!B5,"mmm-yy") -> Apr-23 | G5: =PROPER(Raw_Data!C5&". "&Raw_Data!D5) -> L. Ellerby | H5: =IF(OR(Raw_Data!E5="M",Raw_Data!E5="Male"),"Male",IF(OR(Raw_Data!E5="F",Raw_Data!E5="Female"),"Female","Not Confirmed")) -> Female | I5: =Raw_Data!F5 -> 60 | J5: =FLOOR(Raw_Data!F5,10)&"-"&FLOOR(Raw_Data!F5,10)+9 -> 60-69 | K5: =Raw_Data!G5 -> Declined to Identify | L5: =Raw_Data!H5 -> Orthopedics | M5: =IF(Raw_Data!I5=TRUE,"Admitted","Not Admitted") -> Not Admitted | N5: =IF(Raw_Data!J5="","Not Rated",Raw_Data!J5) -> Not Rated | O5: =Raw_Data!K5 -> 31 | P5: =IF(Raw_Data!K5<=30,"Within Time","Delayed") -> Delayed
A6: =Raw_Data!A6 -> 429-27-5915 | B6: =Raw_Data!B6 -> 45017.257 | C6: =HOUR(Raw_Data!B6) -> 6 | D6: =TEXT(Raw_Data!B6,"mmm") -> Apr | E6: =YEAR(Raw_Data!B6) -> 2023 | F6: =TEXT(Raw_Data!B6,"mmm-yy") -> Apr-23 | G6: =PROPER(Raw_Data!C6&". "&Raw_Data!D6) -> C. Ravenscroft | H6: =IF(OR(Raw_Data!E6="M",Raw_Data!E6="Male"),"Male",IF(OR(Raw_Data!E6="F",Raw_Data!E6="Female"),"Female","Not Confirmed")) -> Female | I6: =Raw_Data!F6 -> 40 | J6: =FLOOR(Raw_Data!F6,10)&"-"&FLOOR(Raw_Data!F6,10)+9 -> 40-49 | K6: =Raw_Data!G6 -> White | L6: =Raw_Data!H6 -> General Practice | M6: =IF(Raw_Data!I6=TRUE,"Admitted","Not Admitted") -> Not Admitted | N6: =IF(Raw_Data!J6="","Not Rated",Raw_Data!J6) -> 6 | O6: =Raw_Data!K6 -> 18 | P6: =IF(Raw_Data!K6<=30,"Within Time","Delayed") -> Within Time
A7: =Raw_Data!A7 -> 934-86-5957 | B7: =Raw_Data!B7 -> 45017.297 | C7: =HOUR(Raw_Data!B7) -> 7 | D7: =TEXT(Raw_Data!B7,"mmm") -> Apr | E7: =YEAR(Raw_Data!B7) -> 2023 | F7: =TEXT(Raw_Data!B7,"mmm-yy") -> Apr-23 | G7: =PROPER(Raw_Data!C7&". "&Raw_Data!D7) -> V. Kershaw | H7: =IF(OR(Raw_Data!E7="M",Raw_Data!E7="Male"),"Male",IF(OR(Raw_Data!E7="F",Raw_Data!E7="Female"),"Female","Not Confirmed")) -> Female | I7: =Raw_Data!F7 -> 58 | J7: =FLOOR(Raw_Data!F7,10)&"-"&FLOOR(Raw_Data!F7,10)+9 -> 50-59 | K7: =Raw_Data!G7 -> White | L7: =Raw_Data!H7 -> General Practice | M7: =IF(Raw_Data!I7=TRUE,"Admitted","Not Admitted") -> Admitted | N7: =IF(Raw_Data!J7="","Not Rated",Raw_Data!J7) -> 0 | O7: =Raw_Data!K7 -> 27 | P7: =IF(Raw_Data!K7<=30,"Within Time","Delayed") -> Within Time
A8: =Raw_Data!A8 -> 855-20-3905 | B8: =Raw_Data!B8 -> 45017.331 | C8: =HOUR(Raw_Data!B8) -> 7 | D8: =TEXT(Raw_Data!B8,"mmm") -> Apr | E8: =YEAR(Raw_Data!B8) -> 2023 | F8: =TEXT(Raw_Data!B8,"mmm-yy") -> Apr-23 | G8: =PROPER(Raw_Data!C8&". "&Raw_Data!D8) -> F. Garfield | H8: =IF(OR(Raw_Data!E8="M",Raw_Data!E8="Male"),"Male",IF(OR(Raw_Data!E8="F",Raw_Data!E8="Female"),"Female","Not Confirmed")) -> Male | I8: =Raw_Data!F8 -> 14 | J8: =FLOOR(Raw_Data!F8,10)&"-"&FLOOR(Raw_Data!F8,10)+9 -> 10-19 | K8: =Raw_Data!G8 -> Two or More Races | L8: =Raw_Data!H8 -> None | M8: =IF(Raw_Data!I8=TRUE,"Admitted","Not Admitted") -> Admitted | N8: =IF(Raw_Data!J8="","Not Rated",Raw_Data!J8) -> 9 | O8: =Raw_Data!K8 -> 31 | P8: =IF(Raw_Data!K8<=30,"Within Time","Delayed") -> Delayed
A9: =Raw_Data!A9 -> 204-20-3676 | B9: =Raw_Data!B9 -> 45017.338 | C9: =HOUR(Raw_Data!B9) -> 8 | D9: =TEXT(Raw_Data!B9,"mmm") -> Apr | E9: =YEAR(Raw_Data!B9) -> 2023 | F9: =TEXT(Raw_Data!B9,"mmm-yy") -> Apr-23 | G9: =PROPER(Raw_Data!C9&". "&Raw_Data!D9) -> M. Stanlack | H9: =IF(OR(Raw_Data!E9="M",Raw_Data!E9="Male"),"Male",IF(OR(Raw_Data!E9="F",Raw_Data!E9="Female"),"Female","Not Confirmed")) -> Male | I9: =Raw_Data!F9 -> 55 | J9: =FLOOR(Raw_Data!F9,10)&"-"&FLOOR(Raw_Data!F9,10)+9 -> 50-59 | K9: =Raw_Data!G9 -> White | L9: =Raw_Data!H9 -> None | M9: =IF(Raw_Data!I9=TRUE,"Admitted","Not Admitted") -> Not Admitted | N9: =IF(Raw_Data!J9="","Not Rated",Raw_Data!J9) -> 7 | O9: =Raw_Data!K9 -> 44 | P9: =IF(Raw_Data!K9<=30,"Within Time","Delayed") -> Delayed
A10: =Raw_Data!A10 -> 716-23-4315 | B10: =Raw_Data!B10 -> 45017.374 | C10: =HOUR(Raw_Data!B10) -> 8 | D10: =TEXT(Raw_Data!B10,"mmm") -> Apr | E10: =YEAR(Raw_Data!B10) -> 2023 | F10: =TEXT(Raw_Data!B10,"mmm-yy") -> Apr-23 | G10: =PROPER(Raw_Data!C10&". "&Raw_Data!D10) -> L. Jessop | H10: =IF(OR(Raw_Data!E10="M",Raw_Data!E10="Male"),"Male",IF(OR(Raw_Data!E10="F",Raw_Data!E10="Female"),"Female","Not Confirmed")) -> Male | I10: =Raw_Data!F10 -> 43 | J10: =FLOOR(Raw_Data!F10,10)&"-"&FLOOR(Raw_Data!F10,10)+9 -> 40-49 | K10: =Raw_Data!G10 -> White | L10: =Raw_Data!H10 -> General Practice | M10: =IF(Raw_Data!I10=TRUE,"Admitted","Not Admitted") -> Not Admitted | N10: =IF(Raw_Data!J10="","Not Rated",Raw_Data!J10) -> 6 | O10: =Raw_Data!K10 -> 53 | P10: =IF(Raw_Data!K10<=30,"Within Time","Delayed") -> Delayed
A11: =Raw_Data!A11 -> 947-59-1554 | B11: =Raw_Data!B11 -> 45017.501 | C11: =HOUR(Raw_Data!B11) -> 12 | D11: =TEXT(Raw_Data!B11,"mmm") -> Apr | E11: =YEAR(Raw_Data!B11) -> 2023 | F11: =TEXT(Raw_Data!B11,"mmm-yy") -> Apr-23 | G11: =PROPER(Raw_Data!C11&". "&Raw_Data!D11) -> Q. Cholmondeley | H11: =IF(OR(Raw_Data!E11="M",Raw_Data!E11="Male"),"Male",IF(OR(Raw_Data!E11="F",Raw_Data!E11="Female"),"Female","Not Confirmed")) -> Female | I11: =Raw_Data!F11 -> 67 | J11: =FLOOR(Raw_Data!F11,10)&"-"&FLOOR(Raw_Data!F11,10)+9 -> 60-69 | K11: =Raw_Data!G11 -> Native American/Alaska Native | L11: =Raw_Data!H11 -> None | M11: =IF(Raw_Data!I11=TRUE,"Admitted","Not Admitted") -> Admitted | N11: =IF(Raw_Data!J11="","Not Rated",Raw_Data!J11) -> 2 | O11: =Raw_Data!K11 -> 16 | P11: =IF(Raw_Data!K11<=30,"Within Time","Delayed") -> Within Time
A12: =Raw_Data!A12 -> 466-34-9495 | B12: =Raw_Data!B12 -> 45017.617 | C12: =HOUR(Raw_Data!B12) -> 14 | D12: =TEXT(Raw_Data!B12,"mmm") -> Apr | E12: =YEAR(Raw_Data!B12) -> 2023 | F12: =TEXT(Raw_Data!B12,"mmm-yy") -> Apr-23 | G12: =PROPER(Raw_Data!C12&". "&Raw_Data!D12) -> M. Upperton | H12: =IF(OR(Raw_Data!E12="M",Raw_Data!E12="Male"),"Male",IF(OR(Raw_Data!E12="F",Raw_Data!E12="Female"),"Female","Not Confirmed")) -> Female | I12: =Raw_Data!F12 -> 20 | J12: =FLOOR(Raw_Data!F12,10)&"-"&FLOOR(Raw_Data!F12,10)+9 -> 20-29 | K12: =Raw_Data!G12 -> White | L12: =Raw_Data!H12 -> None | M12: =IF(Raw_Data!I12=TRUE,"Admitted","Not Admitted") -> Not Admitted | N12: =IF(Raw_Data!J12="","Not Rated",Raw_Data!J12) -> Not Rated | O12: =Raw_Data!K12 -> 30 | P12: =IF(Raw_Data!K12<=30,"Within Time","Delayed") -> Within Time
A13: =Raw_Data!A13 -> 706-60-4656 | B13: =Raw_Data!B13 -> 45017.778 | C13: =HOUR(Raw_Data!B13) -> 18 | D13: =TEXT(Raw_Data!B13,"mmm") -> Apr | E13: =YEAR(Raw_Data!B13) -> 2023 | F13: =TEXT(Raw_Data!B13,"mmm-yy") -> Apr-23 | G13: =PROPER(Raw_Data!C13&". "&Raw_Data!D13) -> R. Aldridge | H13: =IF(OR(Raw_Data!E13="M",Raw_Data!E13="Male"),"Male",IF(OR(Raw_Data!E13="F",Raw_Data!E13="Female"),"Female","Not Confirmed")) -> Male | I13: =Raw_Data!F13 -> 11 | J13: =FLOOR(Raw_Data!F13,10)&"-"&FLOOR(Raw_Data!F13,10)+9 -> 10-19 | K13: =Raw_Data!G13 -> Asian | L13: =Raw_Data!H13 -> None | M13: =IF(Raw_Data!I13=TRUE,"Admitted","Not Admitted") -> Not Admitted | N13: =IF(Raw_Data!J13="","Not Rated",Raw_Data!J13) -> Not Rated | O13: =Raw_Data!K13 -> 40 | P13: =IF(Raw_Data!K13<=30,"Within Time","Delayed") -> Delayed
... A9217: =Raw_Data!A9217 -> 894-63-9858 | B9217: =Raw_Data!B9217 -> 45595.918 | C9217: =HOUR(Raw_Data!B9217) -> 22 | D9217: =TEXT(Raw_Data!B9217,"mmm") -> Oct | E9217: =YEAR(Raw_Data!B9217) -> 2024 | F9217: =TEXT(Raw_Data!B9217,"mmm-yy") -> Oct-24 | G9217: =PROPER(Raw_Data!C9217&". "&Raw_Data!D9217) -> B. Upperton | H9217: =IF(OR(Raw_Data!E9217="M",Raw_Data!E9217="Male"),"Male",IF(OR(Raw_Data!E9217="F",Raw_Data!E9217="Female"),"Female","Not Confirmed")) -> Male | I9217: =Raw_Data!F9217 -> 22 | J9217: =FLOOR(Raw_Data!F9217,10)&"-"&FLOOR(Raw_Data!F9217,10)+9 -> 20-29 | K9217: =Raw_Data!G9217 -> Unknown | L9217: =Raw_Data!H9217 -> None | M9217: =IF(Raw_Data!I9217=TRUE,"Admitted","Not Admitted") -> Not Admitted | N9217: =IF(Raw_Data!J9217="","Not Rated",Raw_Data!J9217) -> Not Rated | O9217: =Raw_Data!K9217 -> 50 | P9217: =IF(Raw_Data!K9217<=30,"Within Time","Delayed") -> Delayed

Sheet Pivot_Tables
L1: All pivots share one cache (ERData) - slicers on Dashboard filter everything. | Z1: =TEXT(GETPIVOTDATA("Total Patients",$A$3),"#,##0") -> 9,216
Z2: =TEXT(GETPIVOTDATA("Avg Wait Time",$A$3),"0.0")&" min" -> 35.1 min
A3: Total Patients | B3: Avg Wait Time | C3: Avg Satisfaction | Z3: =TEXT(GETPIVOTDATA("Avg Satisfaction",$A$3),"0.0")&" / 10" -> 4.9 / 10
A4: 9216 | B4: 35.094835 | C4: 4.9113176 | Z4: =TEXT(IFERROR(GETPIVOTDATA("Total Patients",$J$8,"Patient Attend Status","Within Time")/GETPIVOTDATA("Total Patients",$J$8),0),"0.0%") -> 40.6%
A8: Row Labels | B8: Total Patients | D8: Row Labels | E8: Total Patients | G8: Row Labels | H8: Total Patients | J8: Row Labels | K8: Total Patients
A9: 0-9 | B9: 1035 | D9: Female | E9: 4326 | G9: Admitted | H9: 4577 | J9: Delayed | K9: 5470
A10: 10-19 | B10: 1260 | D10: Male | E10: 4791 | G10: Not Admitted | H10: 4639 | J10: Within Time | K10: 3746
A11: 20-29 | B11: 1134 | D11: Not Confirmed | E11: 99 | G11: Grand Total | H11: 9216 | J11: Grand Total | K11: 9216
A12: 30-39 | B12: 1082 | D12: Grand Total | E12: 9216
A13: 40-49 | B13: 1242
A14: 50-59 | B14: 1171
A15: 60-69 | B15: 1142
A16: 70-79 | B16: 1150
A17: Grand Total | B17: 9216
A25: Row Labels | B25: Total Patients | D25: Row Labels | E25: Total Patients | G25: Row Labels | H25: Total Patients
A26: None | B26: 5320 | D26: White | E26: 2401 | G26: 2023
A27: General Practice | B27: 1792 | D27: African American | E27: 1725 | G27: Apr | H27: 491
A28: Orthopedics | B28: 862 | D28: Unknown | E28: 1372 | G28: May | H28: 486
A29: Physiotherapy | B29: 503 | D29: Two or More Races | E29: 1028 | G29: Jun | H29: 484
A30: Gastroenterology | B30: 265 | D30: Asian | E30: 932 | G30: Jul | H30: 518
A31: Cardiology | B31: 186 | D31: Declined to Identify | E31: 894 | G31: Aug | H31: 507
A32: Neurology | B32: 174 | D32: Pacific Islander | E32: 570 | G32: Sep | H32: 474
A33: Renal | B33: 114 | D33: Native American/Alaska Native | E33: 294 | G33: Oct | H33: 481
A34: Grand Total | B34: 9216 | D34: Grand Total | E34: 9216 | G34: Nov | H34: 445
G35: Dec | H35: 482
G36: 2024
G37: Jan | H37: 487
G38: Feb | H38: 485
G39: Mar | H39: 525
G40: Apr | H40: 478
G41: May | H41: 466
G42: Jun | H42: 462
G43: Jul | H43: 551
G44: Aug | H44: 462
G45: Sep | H45: 465
G46: Oct | H46: 467
G47: Grand Total | H47: 9216

Sheet Dashboard
